{"variants":{"facing=east,half=bottom,open=false":{"model":"chipped:block/airy_spruce_trapdoor_bottom"},"facing=east,half=bottom,open=true":{"model":"chipped:block/airy_spruce_trapdoor_open","y":90},"facing=east,half=top,open=false":{"model":"chipped:block/airy_spruce_trapdoor_top"},"facing=east,half=top,open=true":{"model":"chipped:block/airy_spruce_trapdoor_open","y":90},"facing=north,half=bottom,open=false":{"model":"chipped:block/airy_spruce_trapdoor_bottom"},"facing=north,half=bottom,open=true":{"model":"chipped:block/airy_spruce_trapdoor_open"},"facing=north,half=top,open=false":{"model":"chipped:block/airy_spruce_trapdoor_top"},"facing=north,half=top,open=true":{"model":"chipped:block/airy_spruce_trapdoor_open"},"facing=south,half=bottom,open=false":{"model":"chipped:block/airy_spruce_trapdoor_bottom"},"facing=south,half=bottom,open=true":{"model":"chipped:block/airy_spruce_trapdoor_open","y":180},"facing=south,half=top,open=false":{"model":"chipped:block/airy_spruce_trapdoor_top"},"facing=south,half=top,open=true":{"model":"chipped:block/airy_spruce_trapdoor_open","y":180},"facing=west,half=bottom,open=false":{"model":"chipped:block/airy_spruce_trapdoor_bottom"},"facing=west,half=bottom,open=true":{"model":"chipped:block/airy_spruce_trapdoor_open","y":270},"facing=west,half=top,open=false":{"model":"chipped:block/airy_spruce_trapdoor_top"},"facing=west,half=top,open=true":{"model":"chipped:block/airy_spruce_trapdoor_open","y":270}}}