{"variants":{"facing=east,model=main":{"model":"chipped:block/alchemy_bench","y":90},"facing=east,model=side":{"model":"chipped:block/alchemy_bench","y":90},"facing=north,model=main":{"model":"chipped:block/alchemy_bench"},"facing=north,model=side":{"model":"chipped:block/alchemy_bench"},"facing=south,model=main":{"model":"chipped:block/alchemy_bench","y":180},"facing=south,model=side":{"model":"chipped:block/alchemy_bench","y":180},"facing=west,model=main":{"model":"chipped:block/alchemy_bench","y":270},"facing=west,model=side":{"model":"chipped:block/alchemy_bench","y":270}}}