{"athena:loader":"athena:pane_pillar","ctm_textures":{"bottom":"chipped:block/gray_stained_glass/ctm/arched_gray_stained_glass_pillar/3","center":"chipped:block/gray_stained_glass/ctm/arched_gray_stained_glass_pillar/2","particle":"chipped:block/gray_stained_glass/arched_gray_stained_glass_pillar","self":"chipped:block/gray_stained_glass/ctm/arched_gray_stained_glass_pillar/0","top":"chipped:block/gray_stained_glass/ctm/arched_gray_stained_glass_pillar/1"},"variants":{"":{"model":"chipped:block/arched_gray_stained_glass_pane_pillar"}}}