{"athena:loader":"athena:limited_pillar","ctm_textures":{"bottom":"chipped:block/green_stained_glass/ctm/arched_green_stained_glass_pillar/3","center":"chipped:block/green_stained_glass/ctm/arched_green_stained_glass_pillar/2","particle":"chipped:block/green_stained_glass/arched_green_stained_glass_pillar","self":"chipped:block/green_stained_glass/ctm/arched_green_stained_glass_pillar/0","top":"chipped:block/green_stained_glass/ctm/arched_green_stained_glass_pillar/1"},"variants":{"":{"model":"chipped:block/arched_green_stained_glass_pillar"}}}