{"variants":{"facing=down,open=false":{"model":"chipped:block/birch_barrel","x":180},"facing=down,open=true":{"model":"chipped:block/birch_barrel_open","x":180},"facing=east,open=false":{"model":"chipped:block/birch_barrel","x":90,"y":90},"facing=east,open=true":{"model":"chipped:block/birch_barrel_open","x":90,"y":90},"facing=north,open=false":{"model":"chipped:block/birch_barrel","x":90},"facing=north,open=true":{"model":"chipped:block/birch_barrel_open","x":90},"facing=south,open=false":{"model":"chipped:block/birch_barrel","x":90,"y":180},"facing=south,open=true":{"model":"chipped:block/birch_barrel_open","x":90,"y":180},"facing=up,open=false":{"model":"chipped:block/birch_barrel"},"facing=up,open=true":{"model":"chipped:block/birch_barrel_open"},"facing=west,open=false":{"model":"chipped:block/birch_barrel","x":90,"y":270},"facing=west,open=true":{"model":"chipped:block/birch_barrel_open","x":90,"y":270}}}