{"variants":{"thickness=base,vertical_direction=down,waterlogged=false":{"model":"chipped:block/pointed_dripstone/blackstone_pointed_dripstone_down_base"},"thickness=base,vertical_direction=down,waterlogged=true":{"model":"chipped:block/pointed_dripstone/blackstone_pointed_dripstone_down_base"},"thickness=base,vertical_direction=up,waterlogged=false":{"model":"chipped:block/pointed_dripstone/blackstone_pointed_dripstone_up_base"},"thickness=base,vertical_direction=up,waterlogged=true":{"model":"chipped:block/pointed_dripstone/blackstone_pointed_dripstone_up_base"},"thickness=frustum,vertical_direction=down,waterlogged=false":{"model":"chipped:block/pointed_dripstone/blackstone_pointed_dripstone_down_frustum"},"thickness=frustum,vertical_direction=down,waterlogged=true":{"model":"chipped:block/pointed_dripstone/blackstone_pointed_dripstone_down_frustum"},"thickness=frustum,vertical_direction=up,waterlogged=false":{"model":"chipped:block/pointed_dripstone/blackstone_pointed_dripstone_up_frustum"},"thickness=frustum,vertical_direction=up,waterlogged=true":{"model":"chipped:block/pointed_dripstone/blackstone_pointed_dripstone_up_frustum"},"thickness=middle,vertical_direction=down,waterlogged=false":{"model":"chipped:block/pointed_dripstone/blackstone_pointed_dripstone_down_middle"},"thickness=middle,vertical_direction=down,waterlogged=true":{"model":"chipped:block/pointed_dripstone/blackstone_pointed_dripstone_down_middle"},"thickness=middle,vertical_direction=up,waterlogged=false":{"model":"chipped:block/pointed_dripstone/blackstone_pointed_dripstone_up_middle"},"thickness=middle,vertical_direction=up,waterlogged=true":{"model":"chipped:block/pointed_dripstone/blackstone_pointed_dripstone_up_middle"},"thickness=tip,vertical_direction=down,waterlogged=false":{"model":"chipped:block/pointed_dripstone/blackstone_pointed_dripstone_down_tip"},"thickness=tip,vertical_direction=down,waterlogged=true":{"model":"chipped:block/pointed_dripstone/blackstone_pointed_dripstone_down_tip"},"thickness=tip,vertical_direction=up,waterlogged=false":{"model":"chipped:block/pointed_dripstone/blackstone_pointed_dripstone_up_tip"},"thickness=tip,vertical_direction=up,waterlogged=true":{"model":"chipped:block/pointed_dripstone/blackstone_pointed_dripstone_up_tip"},"thickness=tip_merge,vertical_direction=down,waterlogged=false":{"model":"chipped:block/pointed_dripstone/blackstone_pointed_dripstone_down_tip_merge"},"thickness=tip_merge,vertical_direction=down,waterlogged=true":{"model":"chipped:block/pointed_dripstone/blackstone_pointed_dripstone_down_tip_merge"},"thickness=tip_merge,vertical_direction=up,waterlogged=false":{"model":"chipped:block/pointed_dripstone/blackstone_pointed_dripstone_up_tip_merge"},"thickness=tip_merge,vertical_direction=up,waterlogged=true":{"model":"chipped:block/pointed_dripstone/blackstone_pointed_dripstone_up_tip_merge"}}}