{"variants":{"facing=east,lit=false":{"model":"chipped:block/blue_redstone_wall_torch"},"facing=east,lit=true":{"model":"chipped:block/blue_redstone_wall_torch"},"facing=north,lit=false":{"model":"chipped:block/blue_redstone_wall_torch","y":270},"facing=north,lit=true":{"model":"chipped:block/blue_redstone_wall_torch","y":270},"facing=south,lit=false":{"model":"chipped:block/blue_redstone_wall_torch","y":90},"facing=south,lit=true":{"model":"chipped:block/blue_redstone_wall_torch","y":90},"facing=west,lit=false":{"model":"chipped:block/blue_redstone_wall_torch","y":180},"facing=west,lit=true":{"model":"chipped:block/blue_redstone_wall_torch","y":180}}}