{"multipart":[{"apply":{"model":"chipped:block/bolted_iron_bars_pane_post"}},{"apply":{"model":"chipped:block/bolted_iron_bars_pane_side"},"when":{"north":"true"}},{"apply":{"model":"chipped:block/bolted_iron_bars_pane_noside"},"when":{"north":"false"}},{"apply":{"model":"chipped:block/bolted_iron_bars_pane_side_alt"},"when":{"south":"true"}},{"apply":{"model":"chipped:block/bolted_iron_bars_pane_noside_alt","y":90},"when":{"south":"false"}},{"apply":{"model":"chipped:block/bolted_iron_bars_pane_side_alt","y":90},"when":{"west":"true"}},{"apply":{"model":"chipped:block/bolted_iron_bars_pane_noside","y":270},"when":{"west":"false"}},{"apply":{"model":"chipped:block/bolted_iron_bars_pane_side","y":90},"when":{"east":"true"}},{"apply":{"model":"chipped:block/bolted_iron_bars_pane_noside_alt"},"when":{"east":"false"}}]}