{"athena:loader":"athena:ctm","ctm_textures":{"center":"chipped:block/mossy_stone_bricks/ctm/bordered_mossy_stone_bricks_ctm/3","empty":"chipped:block/mossy_stone_bricks/ctm/bordered_mossy_stone_bricks_ctm/0","horizontal":"chipped:block/mossy_stone_bricks/ctm/bordered_mossy_stone_bricks_ctm/2","particle":"chipped:block/mossy_stone_bricks/bordered_mossy_stone_bricks","vertical":"chipped:block/mossy_stone_bricks/ctm/bordered_mossy_stone_bricks_ctm/1"},"variants":{"":{"model":"chipped:block/bordered_mossy_stone_bricks"}}}