{"athena:loader":"athena:ctm","ctm_textures":{"center":"chipped:block/red_nether_bricks/ctm/bordered_red_nether_bricks_ctm/3","empty":"chipped:block/red_nether_bricks/ctm/bordered_red_nether_bricks_ctm/0","horizontal":"chipped:block/red_nether_bricks/ctm/bordered_red_nether_bricks_ctm/2","particle":"chipped:block/red_nether_bricks/bordered_red_nether_bricks","vertical":"chipped:block/red_nether_bricks/ctm/bordered_red_nether_bricks_ctm/1"},"variants":{"":{"model":"chipped:block/bordered_red_nether_bricks"}}}