{"athena:loader":"athena:ctm","ctm_textures":{"center":"chipped:block/borderless_bricks/ctm/bordered_borderless_bricks_ctm/3","empty":"chipped:block/borderless_bricks/ctm/bordered_borderless_bricks_ctm/0","horizontal":"chipped:block/borderless_bricks/ctm/bordered_borderless_bricks_ctm/2","particle":"chipped:block/borderless_bricks/bordered_borderless_bricks","vertical":"chipped:block/borderless_bricks/ctm/bordered_borderless_bricks_ctm/1"},"variants":{"":{"model":"chipped:block/bordered_borderless_bricks"}}}