{"athena:loader":"athena:ctm","ctm_textures":{"center":"chipped:block/gilded_blackstone/ctm/bordered_gilded_blackstone_ctm/3","empty":"chipped:block/gilded_blackstone/ctm/bordered_gilded_blackstone_ctm/0","horizontal":"chipped:block/gilded_blackstone/ctm/bordered_gilded_blackstone_ctm/2","particle":"chipped:block/gilded_blackstone/bordered_gilded_blackstone","vertical":"chipped:block/gilded_blackstone/ctm/bordered_gilded_blackstone_ctm/1"},"variants":{"":{"model":"chipped:block/bordered_gilded_blackstone"}}}