{"athena:loader":"athena:ctm","ctm_textures":{"center":"chipped:block/mossy_cobblestone/ctm/bordered_mossy_cobblestone_ctm/3","empty":"chipped:block/mossy_cobblestone/ctm/bordered_mossy_cobblestone_ctm/0","horizontal":"chipped:block/mossy_cobblestone/ctm/bordered_mossy_cobblestone_ctm/2","particle":"chipped:block/mossy_cobblestone/bordered_mossy_cobblestone","vertical":"chipped:block/mossy_cobblestone/ctm/bordered_mossy_cobblestone_ctm/1"},"variants":{"":{"model":"chipped:block/bordered_mossy_cobblestone"}}}