{"variants":{"facing=east,model=main":{"model":"chipped:block/botanist_workbench","y":90},"facing=east,model=side":{"model":"chipped:block/botanist_workbench","y":90},"facing=north,model=main":{"model":"chipped:block/botanist_workbench"},"facing=north,model=side":{"model":"chipped:block/botanist_workbench"},"facing=south,model=main":{"model":"chipped:block/botanist_workbench","y":180},"facing=south,model=side":{"model":"chipped:block/botanist_workbench","y":180},"facing=west,model=main":{"model":"chipped:block/botanist_workbench","y":270},"facing=west,model=side":{"model":"chipped:block/botanist_workbench","y":270}}}