{"athena:loader":"athena:ctm","ctm_textures":{"center":"chipped:block/borderless_bricks/ctm/brick_bordered_borderless_bricks_ctm/3","empty":"chipped:block/borderless_bricks/ctm/common_textures/0","horizontal":"chipped:block/borderless_bricks/ctm/brick_bordered_borderless_bricks_ctm/2","particle":"chipped:block/borderless_bricks/brick_bordered_borderless_bricks","vertical":"chipped:block/borderless_bricks/ctm/brick_bordered_borderless_bricks_ctm/1"},"variants":{"":{"model":"chipped:block/brick_bordered_borderless_bricks"}}}